{"schemaVersion":"1.0","appDefinitionTemplate":{"id":"/providers/Microsoft.PowerApps/apps/","type":"Microsoft.PowerApps/apps","tags":{"primaryDeviceWidth":"1366","primaryDeviceHeight":"768","supportsPortrait":"true","supportsLandscape":"true","primaryFormFactor":"Tablet","publisherVersion":"3.22103.22","minimumRequiredApiVersion":"2.2.0","hasComponent":"false","hasUnlockedComponent":"false","isUnifiedRootApp":"false","sienaVersion":"20221102T034315Z-3.22103.22.0"},"properties":{"appVersion":"2022-11-02T03:43:15Z","lifeCycleId":"Published","createdByClientVersion":{"major":3,"minor":22103,"build":22,"revision":0,"majorRevision":0,"minorRevision":0},"minClientVersion":{"major":3,"minor":22103,"build":22,"revision":0,"majorRevision":0,"minorRevision":0},"backgroundColor":"rgba(0, 195, 209, 1)","backgroundImageUri":"/10902439738762000513/N9adce8a2-9220-45aa-b449-f11fa2ec972c-logoSmallFile","displayName":"Guests","description":"","commitMessage":"","appUris":{"documentUri":{"value":"/10902439738762000513/Nfee5cbcc-12ba-4244-a421-269fe6ec5817-document.msapp"},"imageUris":[],"additionalUris":[]},"createdTime":"0001-01-01T00:00:00Z","lastModifiedTime":"0001-01-01T00:00:00Z","sharedGroupsCount":0,"sharedUsersCount":0,"icons":{"smallIconUri":"/10902439738762000513/N7633d5de-f267-447c-9a38-35789605e3de-small.png","mediumIconUri":"/10902439738762000513/N9341ccb1-bff2-4ab4-91ad-25c9b3f13626-medium.png","largeIconUri":"/10902439738762000513/N9821248a-f390-436b-b417-57e837600c22-large.png","wideIconUri":"/10902439738762000513/N68391234-2cad-4a3e-b57f-9d8752c0242b-wide.png"},"connectionReferences":{"83f6fc4a-2691-405a-ae42-3fb15e67b93b":{"id":"0be8bc49-1b4d-4fa8-b0d3-1a3014fdfd96","displayName":"Office 365 ユーザー","iconUri":"https://connectoricons-prod.azureedge.net/releases/v1.0.1593/1.0.1593.2980/office365users/icon.png","dataSources":["Office365ユーザー"],"dependencies":[],"dependents":[],"parameterHints":{},"parameterHintsV2":{},"isOnPremiseConnection":false,"bypassConsent":false,"dataSets":{},"apiTier":"Standard","isCustomApiConnection":false,"actions":["SearchUserV2","UserPhotoV2","MyProfileV2"]}},"databaseReferences":{},"almMode":"Solution","performanceOptimizationEnabled":true,"canConsumeAppPass":true,"enableModernRuntimeMode":false,"executionRestrictions":{"isTeamsOnly":false,"dataLossPreventionEvaluationResult":{"status":"Compliant","lastEvaluationDate":"2022-11-02T03:18:45.2873717Z","violations":[],"violationsByPolicy":[],"violationErrorMessage":"このアプリでは、次のコネクタが使用されます: shared_office365users, shared_commondataservice。"}}},"appType":"ClassicCanvasApp","appComponents":[]}}